{
	"objetos": [
		{
			"id": "1",
			"tabla": "x_rutas",
			"campos": "x_rutas_id=INT|x_rutas_destino=STR|x_bodegas_id=STR|x_tipo_rutas_id=INT|x_rutas_hrsalida=STR|x_rutas_hrentrega=STR|x_rutas_hrregreso=STR|x_rutas_kmrecorridos=STR|x_rutas_hrtrabajadas=STR|x_rutas_distribucion=STR|x_rutas_frecuencia=STR",
			"controles": "especial|txt_destino|cbo_bodegaenlace|cbo_tipor|cbo_hrsalida|cbo_hrentrega|cbo_hrregreso|txt_kmrecorridos|txt_hrtrabajadas|cbo_distribucion|cbx_frecuencia",
			"notupdate": "x_rutas_id"
		},
		{
			"id": "2",
			"tabla": "x_estatus_unidades",
			"campos": "x_estatus_unidades_id=INT|x_estatus_unidadesdescripcion=STR",
			"controles": "txt_unidad|txt_descrip",
			"notupdate": "x_estatus_unidades_id"
		}
	]
}